Coord X,Coord Y,Circulo
9.55281785172318,6.309704994498187,Circulo1
9.212243288388914,7.62568869885657,Circulo1
6.918157824780705,9.816689869781998,Circulo1
5.155234934363659,9.798169197426818,Circulo1
0.49327502052609284,2.143353441248789,Circulo1
5.816141004599424,0.0640065448527468,Circulo1
6.065194227416079,0.16083128249572137,Circulo1
8.771311216450327,1.734710899705736,Circulo1
