Coord X,Coord Y,Circulo
9.755282581475768,6.545084971874737,Circulo1
9.045084971874736,7.938926261462366,Circulo1
3.454915028125263,9.755282581475768,Circulo1
0.2447174185242318,3.4549150281252636,Circulo1
0.9549150281252619,2.061073738537635,Circulo1
2.0610737385376336,0.9549150281252636,Circulo1
9.045084971874736,2.061073738537633,Circulo1
9.755282581475768,3.454915028125262,Circulo1
